<?xml version="1.0" encoding="UTF-8"?>
<project-private xmlns="http://www.netbeans.org/ns/project-private/1">
    <editor-bookmarks xmlns="http://www.netbeans.org/ns/editor-bookmarks/2" lastBookmarkId="0"/>
    <open-files xmlns="http://www.netbeans.org/ns/projectui-open-files/2">
        <group>
            <file>file:/D:/Thien%20Coder/Java/PRJ301-Shopping-Online-Website-main/Project-Shopping_Online_Website-PRJ301/src/java/dal/DBContext.java</file>
            <file>file:/D:/Thien%20Coder/Java/PRJ301-Shopping-Online-Website-main/Project-Shopping_Online_Website-PRJ301/src/java/dal/User_AccountDAO.java</file>
            <file>file:/D:/Thien%20Coder/Java/PRJ301-Shopping-Online-Website-main/Project-Shopping_Online_Website-PRJ301/src/java/controller/LoginServlet.java</file>
        </group>
    </open-files>
</project-private>
